{"cameraMode":{"drawMode":0,"name":"Shaded","section":"Shading Mode"},"sceneLighting":false,"audioPlay":false,"sceneViewState":{"m_AlwaysRefresh":false,"showFog":true,"showSkybox":false,"showFlares":true,"showImageEffects":true,"showParticleSystems":true,"showVisualEffectGraphs":true,"m_FxEnabled":false},"in2DMode":false,"pivot":{"x":0.010318275541067124,"y":0.0657244324684143,"z":0.08229321241378784},"rotation":{"x":-0.40199053287506106,"y":-0.03514683619141579,"z":0.015428959392011166,"w":-0.914871096611023},"size":0.36742353439331057,"orthographic":false}